{"mse": 0.2379854845301297, "mse_qat": 0.34634088327348606, "params": {"threshold": 0.021544346900318822, "alpha": 7742.636826811277}}