{"mse": 0.4390351725377852, "mse_qat": 0.4390351725377852, "params": {"threshold": 10.0, "alpha": 1e-05}}