{"mse": 0.18892104756222722, "mse_qat": 0.6234654221147106, "params": {"threshold": 10.0, "alpha": 599.4842503189421}}