{"mse": 0.24103139627394915, "mse_qat": 0.29269721038409535, "params": {"threshold": 0.1, "alpha": 599.4842503189421}}