{"mse": 0.02256450015044741, "mse_qat": 0.6934460559930314, "params": {"threshold": 10.0, "alpha": 0.0001291549665014884}, "Nonzero count": 56}