{"mse": 0.06439795560278193, "mse_qat": 1.9656065662903588, "params": {"threshold": 316227.7660168379, "alpha": 0.0016681005372000592}, "Nonzero count": 126}