{"mse": 0.057715365374900206, "mse_qat": 1.484726409102892, "params": {"threshold": 0.1, "alpha": 1e-05}, "Nonzero count": 124}