{"mse": 0.11408073893143221, "mse_qat": 7.802972634517076, "params": {"threshold": 0.1, "alpha": 46.41588833612782}, "Nonzero count": 46}