{"mse": 0.0644047524745278, "mse_qat": 1.9729265963539204, "params": {"threshold": 316227.7660168379, "alpha": 0.0016681005372000592}, "Nonzero count": 126}