{"mse": 0.07317168430056001, "mse_qat": 6.481633472256426, "params": {"threshold": 10.0, "alpha": 0.2782559402207126}, "Nonzero count": 498}