{"mse": 0.022564501040754328, "mse_qat": 0.7046080714859293, "params": {"threshold": 10.0, "alpha": 0.0001291549665014884}, "Nonzero count": 56}