{"mse": 0.2124156458337278, "mse_qat": 0.36000102302056636, "params": {"threshold": 0.01291549665014884, "alpha": 100000.0}, "Nonzero count": 7}