{"mse": 0.06658226182241024, "mse_qat": 0.24928351758191103, "params": {"threshold": 0.0774263682681127, "alpha": 0.0016681005372000592}, "Nonzero count": 13}