{"mse": 0.1946303829155073, "mse_qat": 0.19509868693162327, "params": {"threshold": 10.0, "alpha": 0.0001291549665014884}, "Nonzero count": 109}