{"mse": 0.11001301049350706, "mse_qat": 4.196469664757378, "params": {"threshold": 0.1, "alpha": 1e-05}}