{"mse": 0.20991644011030555, "mse_qat": 21.092404943334365, "params": {"threshold": 0.46415888336127725, "alpha": 0.2782559402207126}}