{"mse": 0.07774232543378876, "mse_qat": 1.1318968111678263, "params": {"threshold": 10.0, "alpha": 0.0016681005372000592}}